{"cameraMode":{"drawMode":0,"name":"Shaded","section":"Shading Mode"},"sceneLighting":true,"audioPlay":false,"sceneViewState":{"showFog":true,"showMaterialUpdate":false,"showSkybox":true,"showFlares":true,"showImageEffects":true,"showParticleSystems":true},"in2DMode":false,"pivot":{"x":-0.4196128845214844,"y":0.9918739795684815,"z":-0.18067550659179688},"rotation":{"x":-0.2169165462255478,"y":-0.4112655818462372,"z":0.10143258422613144,"w":-0.8794994950294495},"size":56.0114860534668,"orthographic":false}