{"cameraMode":{"drawMode":0,"name":"Shaded","section":"Shading Mode"},"sceneLighting":false,"audioPlay":false,"sceneViewState":{"showFog":true,"showMaterialUpdate":false,"showSkybox":true,"showFlares":true,"showImageEffects":true,"showParticleSystems":true},"in2DMode":false,"pivot":{"x":-5.797462463378906,"y":-3.3369293212890627,"z":2.1271591186523439},"rotation":{"x":-0.09706410765647888,"y":-0.8963399529457092,"z":0.35781654715538027,"w":-0.2431471198797226},"size":81.3677749633789,"orthographic":false}